{"global": {"total_energy:": 3.731895013257683, "elapsed_time": 1.6910560131072998, "per_component_consumption": {"battery": 0.0, "cpu": 0.4863580059433506, "screen": 1.4976040162621822, "camera": 0.0, "video": 0.0, "audio": 0.0, "wifi": 1.3733759215409755, "modem": 0.0, "gps": 0.0, "bluetooth": 0.3745570695111751, "radio": 0.0}, "stats": {"status": [[5, 1692626529, 1692626530.691056, 100.0]], "health": [[2, 1692626529, 1692626530.691056, 100.0]], "plug": [[0, 1692626529, 1692626530.691056, 100.0]], "temp": [["281", 1692626529, 1692626530.691056, 100.0]], "volt": [["4343", 1692626529, 1692626530.691056, 100.0]], "charge": [["3410", 1692626529, 1692626530.691056, 100.0]], "modemRailChargemAh": [["0", 1692626529, 1692626530.691056, 100.0]], "wifiRailChargemAh": [["0", 1692626529, 1692626530.691056, 100.0]], "running": [[1, 1692626529, 1692626530.691056, 100.0]], "wake_lock": [[1, 1692626529, 1692626530.691056, 100.0]], "screen": [[1, 1692626529, 1692626530.691056, 100.0]], "phone_signal_strength": [[3, 1692626529, 1692626530.691056, 100.0]], "brightness": [[2, 1692626529, 1692626530.691056, 100.0]], "wifi": [[1, 1692626529, 1692626530.691056, 100.0]], "usb_data": [[1, 1692626529, 1692626530.691056, 100.0]], "wifi_signal_strength": [[3, 1692626529, 1692626530.691056, 100.0]], "wifi_suppl": [["dsc", 1692626529, 1692626530.691056, 100.0]], "ble_scan": [[1, 1692626529, 1692626530.691056, 100.0]], "stats": [[{"val": "0", "val2": "\"dump\""}, 1692626529, 1692626530.691056, 100.0]], "wifi_scan": [[1, 1692626529, 1692626530.691056, 100.0]], "tmpwhitelist": [], "job": [], "sync": [], "top": [[{"val": "u0a114", "val2": "\"com.miui.home\""}, 1692626529, 1692626530.691056, 100.0]], "longwake": [], "fg": [[{"val": "1000", "val2": "\"com.miui.securitycenter\""}, 1692626529, 1692626530.691056, 100.0], [{"val": "u0a226", "val2": "\"com.google.android.setupwizard\""}, 1692626529, 1692626530.691056, 100.0]], "proc": [], "screenwake": [], "pkgactive": [], "user": [[{"val": "0", "val2": "\"0\""}, 1692626529, 1692626530.691056, 100.0]], "userfg": [[{"val": "0", "val2": "\"0\""}, 1692626529, 1692626530.691056, 100.0]], "wake_lock_in": [], "alarm": []}, "method_invocations": 0, "diff_methods": 0}, "invoked_methods": {}}